-- phpMyAdmin SQL Dump
-- version 4.4.10
-- http://www.phpmyadmin.net
--
-- 主機: localhost
-- 產生時間： 2015 年 06 月 29 日 19:23
-- 伺服器版本: 10.0.19-MariaDB
-- PHP 版本： 5.6.10

SET SQL_MODE = "NO_AUTO_VALUE_ON_ZERO";
SET time_zone = "+00:00";


/*!40101 SET @OLD_CHARACTER_SET_CLIENT=@@CHARACTER_SET_CLIENT */;
/*!40101 SET @OLD_CHARACTER_SET_RESULTS=@@CHARACTER_SET_RESULTS */;
/*!40101 SET @OLD_COLLATION_CONNECTION=@@COLLATION_CONNECTION */;
/*!40101 SET NAMES utf8mb4 */;

--
-- 資料庫： `wildsky_pokemon`
--

-- --------------------------------------------------------

--
-- 資料表結構 `Ability`
--

CREATE TABLE IF NOT EXISTS `Ability` (
  `AID` int(11) NOT NULL,
  `AName` varchar(45) CHARACTER SET utf8 COLLATE utf8_unicode_ci DEFAULT NULL,
  `AEffect` varchar(255) CHARACTER SET utf8 COLLATE utf8_unicode_ci DEFAULT NULL
) ENGINE=InnoDB DEFAULT CHARSET=latin1;

--
-- 資料表的匯出資料 `Ability`
--

INSERT INTO `Ability` (`AID`, `AName`, `AEffect`) VALUES
(1, '翠綠', 'HP低於1/3時，草系招式威力*1.5'),
(2, '猛火', 'HP低於1/3時，火系招式威力*1.5'),
(3, '激流', 'HP低於1/3時，水系招式威力*1.5'),
(4, '鱗粉', '不受被攻擊的追加效果影響'),
(5, '脫皮', '每回合有30%機會回復異常狀態'),
(6, '複眼', '命中*1.3，增加遇到帶有道具的野生精靈機會率'),
(7, '蟲之預感', 'HP低於1/3時，蟲系招式威力*1.5'),
(8, '銳利目光', '不會被別人下降命中'),
(9, '根性', '異常狀態時，攻擊*1.5'),
(10, '威嚇', '出場時，令對手場上的精靈攻擊下降一個等級'),
(11, '靜電', '受到近身招式攻擊時，有30%機會令攻擊者麻痺'),
(12, '沙遁', '風沙時，不受風沙所傷，別人攻擊自己時命中*0.8'),
(13, '毒刺', '受到近身招式攻擊時，有30%機會令攻擊者中毒'),
(14, '誘人身體', '受到近身招式攻擊時，有30%機會令攻擊者迷惑'),
(15, '耐火', '受到火系招式攻擊時，不受傷害及使用火系招式威力*1.5'),
(16, '精神力', '不會膽怯'),
(17, '葉綠素', '天晴時，速度*2'),
(18, '苞子', '受到近身招式攻擊時，有10%機會令攻擊者麻痺、中毒或睡眠'),
(19, '咬腳', '令對手場上的精靈不能逃走，但飛行系及浮游特性精靈除外'),
(20, '拾荒', '戰鬥後有10%機會裝備著道具'),
(21, '柔軟', '不會被麻痺'),
(22, '潮濕', '令在場的精靈無法自爆'),
(23, '鬥志', '不會睡眠'),
(24, '同步', '受到招式影響而中毒、麻痺、燒傷時，會傳染給攻擊者'),
(25, '清晰身體', '不會被別人下降能力'),
(26, '石頭', '攻擊命中時自己亦承受部份傷害的招式，不用承受反作用傷害'),
(27, '逃足', '必定能從野生戰鬥中逃走'),
(28, '遲鈍', '不會被迷惑'),
(29, '磁力', '令對手場上的鋼系精靈不能逃走'),
(30, '厚脂肪', '受到的火、冰系招式的威力減半'),
(31, '惡臭', '是第一隻手持精靈時，遇到野生精靈機會率*1/2'),
(32, '貝殼盔甲', '不會被命中要害'),
(33, '浮游', '不會被地面系招式擊中'),
(34, '不眠', '不會睡眠'),
(35, '怪力鉗', '不會被別人下降攻擊'),
(36, '自然回復', '換人時，自動回復異常狀態'),
(37, '早起', '睡眠狀態維持時間減半'),
(38, '濕滑', '下雨時，速度*2'),
(39, '防音', '不受聲音招式影響'),
(40, '炎之身體', '受到近身招式攻擊時，有30%機會令攻擊者燒傷'),
(41, '怪力鉗', '不會被別人下降攻擊'),
(42, '儲水', '被水系招式攻擊時，不受傷害及回復最大HP的1/4'),
(43, '充電', '被雷系招式攻擊時，不受傷害及回復最大HP的1/4'),
(44, '追蹤', '出場時，複製對手場上其中一個精靈的特性'),
(45, '壓力', '受到攻擊的招式，消耗多1點PP');

-- --------------------------------------------------------

--
-- 資料表結構 `Item`
--

CREATE TABLE IF NOT EXISTS `Item` (
  `IID` int(11) NOT NULL,
  `IName` varchar(45) CHARACTER SET utf8 COLLATE utf8_unicode_ci DEFAULT NULL,
  `IPercentage` float DEFAULT NULL
) ENGINE=InnoDB DEFAULT CHARSET=latin1;

--
-- 資料表的匯出資料 `Item`
--

INSERT INTO `Item` (`IID`, `IName`, `IPercentage`) VALUES
(0, '沒有', 1),
(1, '銀色的粉', 0.05),
(2, '毒針', 0.05),
(3, '黃金果', 0.05),
(4, '尖銳鳥嘴', 0.05),
(5, '月之石', 0.05),
(6, '燃燒果', 0.5),
(7, '樹果', 0.5),
(8, '磨菇', 0.5),
(9, '金色珠', 0.05),
(10, '彎曲的湯匙', 0.05),
(11, '專注腰帶', 0.05),
(12, '堅硬的石頭', 0.05),
(13, '磁鐵', 0.05),
(14, '蔥', 0.05),
(15, '冰凍果', 0.05),
(16, '珍珠', 0.5),
(17, '詛咒符咒', 0.05),
(18, '骨頭', 0.05),
(19, '星之碎片', 0.05),
(20, '睡眠果', 1),
(21, '龍之牙', 0.05);

-- --------------------------------------------------------

--
-- 資料表結構 `Learn`
--

CREATE TABLE IF NOT EXISTS `Learn` (
  `LID` int(11) NOT NULL,
  `PID` int(11) NOT NULL,
  `SID` int(11) NOT NULL,
  `LAtLevel` int(11) DEFAULT NULL
) ENGINE=InnoDB AUTO_INCREMENT=1055 DEFAULT CHARSET=latin1;

--
-- 資料表的匯出資料 `Learn`
--

INSERT INTO `Learn` (`LID`, `PID`, `SID`, `LAtLevel`) VALUES
(1, 1, 1, 0),
(2, 1, 2, 4),
(3, 1, 3, 7),
(4, 1, 4, 10),
(5, 1, 5, 15),
(6, 1, 6, 15),
(7, 1, 7, 20),
(8, 1, 8, 25),
(9, 1, 9, 32),
(10, 1, 10, 39),
(11, 1, 11, 46),
(12, 2, 1, 0),
(13, 2, 2, 4),
(14, 2, 3, 7),
(15, 2, 4, 10),
(16, 2, 5, 15),
(17, 2, 6, 15),
(18, 2, 7, 22),
(19, 2, 8, 29),
(20, 2, 9, 38),
(21, 2, 10, 47),
(22, 2, 11, 56),
(23, 3, 1, 0),
(24, 3, 2, 4),
(25, 3, 3, 7),
(26, 3, 4, 10),
(27, 3, 5, 15),
(28, 3, 6, 15),
(29, 3, 7, 22),
(30, 3, 8, 29),
(31, 3, 9, 41),
(32, 3, 10, 53),
(33, 3, 11, 65),
(34, 4, 12, 0),
(35, 4, 2, 0),
(36, 4, 13, 7),
(37, 4, 14, 13),
(38, 4, 15, 19),
(39, 4, 16, 25),
(40, 4, 17, 31),
(41, 4, 18, 37),
(42, 4, 19, 43),
(43, 4, 20, 49),
(44, 5, 12, 0),
(45, 5, 2, 0),
(46, 5, 13, 7),
(47, 5, 14, 13),
(48, 5, 15, 20),
(49, 5, 16, 27),
(50, 5, 17, 34),
(51, 5, 18, 41),
(52, 5, 19, 48),
(53, 5, 20, 55),
(54, 6, 12, 0),
(55, 6, 2, 0),
(56, 6, 13, 7),
(57, 6, 14, 13),
(58, 6, 15, 20),
(59, 6, 16, 27),
(60, 6, 17, 34),
(61, 6, 21, 36),
(62, 6, 18, 44),
(63, 6, 19, 54),
(64, 6, 20, 64),
(65, 7, 1, 0),
(66, 7, 22, 4),
(67, 7, 23, 7),
(68, 7, 24, 10),
(69, 7, 25, 13),
(70, 7, 26, 18),
(71, 7, 27, 23),
(72, 7, 28, 28),
(73, 7, 29, 33),
(74, 7, 30, 40),
(75, 7, 31, 47),
(76, 8, 1, 0),
(77, 8, 22, 4),
(78, 8, 23, 7),
(79, 8, 24, 10),
(80, 8, 25, 13),
(81, 8, 26, 19),
(82, 8, 27, 25),
(83, 8, 28, 31),
(84, 8, 29, 37),
(85, 8, 30, 45),
(86, 8, 31, 53),
(87, 9, 1, 0),
(88, 9, 22, 4),
(89, 9, 23, 7),
(90, 9, 24, 10),
(91, 9, 25, 13),
(92, 9, 26, 19),
(93, 9, 27, 25),
(94, 9, 28, 31),
(95, 9, 29, 42),
(96, 9, 30, 55),
(97, 9, 31, 68),
(98, 10, 1, 0),
(99, 10, 32, 0),
(100, 11, 33, 7),
(101, 12, 34, 10),
(102, 12, 5, 13),
(103, 12, 35, 14),
(104, 12, 6, 15),
(105, 12, 36, 18),
(106, 12, 37, 23),
(107, 12, 38, 28),
(108, 12, 39, 34),
(109, 12, 40, 40),
(110, 12, 41, 47),
(111, 13, 42, 0),
(112, 13, 32, 0),
(113, 14, 33, 7),
(114, 15, 43, 10),
(115, 15, 44, 15),
(116, 15, 45, 20),
(117, 15, 15, 25),
(118, 15, 46, 30),
(119, 15, 47, 35),
(120, 15, 48, 40),
(121, 15, 49, 45),
(122, 16, 1, 0),
(123, 16, 50, 5),
(124, 16, 38, 9),
(125, 16, 51, 13),
(126, 16, 37, 19),
(127, 16, 52, 25),
(128, 16, 53, 31),
(129, 16, 48, 39),
(130, 16, 54, 47),
(131, 17, 1, 0),
(132, 17, 50, 5),
(133, 17, 38, 9),
(134, 17, 51, 13),
(135, 17, 37, 20),
(136, 17, 52, 27),
(137, 17, 53, 34),
(138, 17, 48, 43),
(139, 17, 54, 52),
(140, 18, 1, 0),
(141, 18, 50, 5),
(142, 18, 38, 9),
(143, 18, 51, 13),
(144, 18, 37, 20),
(145, 18, 52, 27),
(146, 18, 53, 34),
(147, 18, 48, 48),
(148, 18, 52, 62),
(149, 19, 1, 0),
(150, 19, 22, 0),
(151, 19, 51, 7),
(152, 19, 55, 13),
(153, 19, 44, 20),
(154, 19, 46, 27),
(155, 19, 56, 34),
(156, 19, 49, 41),
(157, 20, 1, 0),
(158, 20, 22, 0),
(159, 20, 51, 7),
(160, 20, 55, 13),
(161, 20, 44, 20),
(162, 20, 46, 30),
(163, 20, 56, 40),
(164, 20, 49, 50),
(165, 21, 57, 0),
(166, 21, 2, 0),
(167, 21, 58, 7),
(168, 21, 43, 13),
(169, 21, 46, 19),
(170, 21, 59, 25),
(171, 21, 54, 31),
(172, 21, 60, 37),
(173, 21, 48, 43),
(174, 22, 57, 0),
(175, 22, 2, 0),
(176, 22, 58, 7),
(177, 22, 43, 13),
(178, 22, 46, 26),
(179, 22, 54, 32),
(180, 22, 60, 40),
(181, 22, 48, 47),
(182, 23, 61, 0),
(183, 23, 58, 0),
(184, 23, 42, 8),
(185, 23, 26, 13),
(186, 23, 62, 20),
(187, 23, 63, 25),
(188, 23, 64, 32),
(189, 23, 65, 37),
(190, 23, 66, 37),
(191, 23, 67, 37),
(192, 23, 68, 44),
(193, 24, 61, 0),
(194, 24, 58, 0),
(195, 24, 42, 8),
(196, 24, 26, 13),
(197, 24, 62, 20),
(198, 24, 63, 28),
(199, 24, 64, 38),
(200, 24, 65, 46),
(201, 24, 66, 46),
(202, 24, 67, 46),
(203, 24, 68, 56),
(204, 25, 69, 0),
(205, 25, 2, 0),
(206, 25, 22, 6),
(207, 25, 70, 8),
(208, 25, 51, 11),
(209, 25, 71, 15),
(210, 25, 72, 20),
(211, 25, 73, 26),
(212, 25, 48, 33),
(213, 25, 74, 41),
(214, 25, 75, 50),
(215, 26, 69, 0),
(216, 26, 22, 0),
(217, 26, 51, 0),
(218, 26, 73, 0),
(219, 27, 12, 0),
(220, 27, 76, 6),
(221, 27, 50, 11),
(222, 27, 42, 17),
(223, 27, 18, 23),
(224, 27, 77, 30),
(225, 27, 78, 37),
(226, 27, 79, 45),
(227, 27, 80, 53),
(228, 28, 12, 0),
(229, 28, 76, 6),
(230, 28, 50, 11),
(231, 28, 42, 17),
(232, 28, 18, 24),
(233, 28, 77, 33),
(234, 28, 78, 42),
(235, 28, 79, 52),
(236, 28, 80, 62),
(237, 29, 2, 0),
(238, 29, 12, 0),
(239, 29, 22, 8),
(240, 29, 81, 12),
(241, 29, 42, 17),
(242, 29, 26, 20),
(243, 29, 82, 23),
(244, 29, 78, 30),
(245, 29, 83, 38),
(246, 29, 84, 47),
(247, 30, 2, 0),
(248, 30, 12, 0),
(249, 30, 22, 8),
(250, 30, 81, 12),
(251, 30, 42, 18),
(252, 30, 26, 22),
(253, 30, 82, 26),
(254, 30, 78, 34),
(255, 30, 83, 43),
(256, 30, 84, 53),
(257, 31, 12, 0),
(258, 31, 22, 0),
(259, 31, 81, 0),
(260, 31, 42, 0),
(261, 31, 85, 23),
(262, 32, 58, 0),
(263, 32, 57, 0),
(264, 32, 44, 8),
(265, 32, 81, 12),
(266, 32, 42, 17),
(267, 32, 86, 20),
(268, 32, 82, 23),
(269, 32, 43, 30),
(270, 32, 83, 38),
(271, 32, 87, 47),
(272, 33, 58, 0),
(273, 33, 57, 0),
(274, 33, 44, 8),
(275, 33, 81, 12),
(276, 33, 42, 18),
(277, 33, 86, 22),
(278, 33, 82, 26),
(279, 33, 43, 34),
(280, 33, 83, 43),
(281, 33, 87, 53),
(282, 34, 57, 0),
(283, 34, 44, 0),
(284, 34, 81, 0),
(285, 34, 42, 0),
(286, 34, 88, 23),
(287, 35, 89, 0),
(288, 35, 2, 0),
(289, 35, 90, 5),
(290, 35, 91, 9),
(291, 35, 92, 13),
(292, 35, 93, 19),
(293, 35, 76, 26),
(294, 35, 94, 34),
(295, 35, 95, 43),
(296, 35, 75, 53),
(297, 36, 91, 0),
(298, 36, 92, 0),
(299, 36, 94, 0),
(300, 36, 95, 0),
(301, 37, 13, 0),
(302, 37, 22, 0),
(303, 37, 51, 16),
(304, 37, 97, 21),
(305, 37, 96, 28),
(306, 37, 17, 35),
(307, 37, 20, 42),
(308, 38, 13, 0),
(309, 38, 22, 0),
(310, 38, 51, 0),
(311, 38, 97, 21),
(312, 39, 91, 0),
(313, 39, 89, 9),
(314, 39, 98, 14),
(315, 39, 76, 19),
(316, 39, 92, 24),
(317, 39, 99, 29),
(318, 39, 85, 34),
(319, 39, 100, 39),
(320, 40, 91, 0),
(321, 40, 76, 0),
(322, 40, 98, 0),
(323, 40, 92, 0),
(324, 41, 101, 0),
(325, 41, 36, 10),
(326, 41, 26, 15),
(327, 41, 96, 21),
(328, 41, 52, 28),
(329, 41, 68, 36),
(330, 42, 63, 0),
(331, 42, 101, 0),
(332, 42, 36, 10),
(333, 42, 26, 15),
(334, 42, 96, 21),
(335, 42, 52, 32),
(336, 42, 68, 43),
(337, 43, 102, 0),
(338, 43, 5, 15),
(339, 43, 35, 17),
(340, 43, 6, 19),
(341, 43, 64, 24),
(342, 43, 103, 33),
(343, 43, 11, 46),
(344, 44, 102, 0),
(345, 44, 5, 15),
(346, 44, 35, 17),
(347, 44, 6, 19),
(348, 44, 64, 28),
(349, 44, 103, 38),
(350, 44, 11, 52),
(351, 45, 64, 0),
(352, 45, 8, 0),
(353, 45, 5, 15),
(354, 45, 35, 17),
(355, 45, 6, 19),
(356, 46, 12, 0),
(357, 46, 35, 13),
(358, 46, 101, 20),
(359, 46, 104, 27),
(360, 46, 18, 34),
(361, 46, 9, 41),
(362, 47, 12, 0),
(363, 47, 35, 13),
(364, 47, 101, 20),
(365, 47, 104, 30),
(366, 47, 18, 39),
(367, 47, 9, 48),
(368, 48, 1, 0),
(369, 48, 98, 0),
(370, 48, 42, 24),
(371, 48, 101, 27),
(372, 48, 35, 30),
(373, 48, 39, 35),
(374, 48, 6, 38),
(375, 48, 106, 43),
(376, 49, 1, 0),
(377, 49, 98, 0),
(378, 49, 42, 24),
(379, 49, 101, 27),
(380, 49, 35, 30),
(381, 49, 39, 38),
(382, 49, 6, 43),
(383, 49, 106, 50),
(384, 50, 12, 0),
(385, 50, 2, 15),
(386, 50, 107, 19),
(387, 50, 50, 24),
(388, 50, 18, 31),
(389, 50, 108, 40),
(390, 51, 12, 0),
(391, 51, 2, 15),
(392, 51, 107, 79),
(393, 51, 50, 24),
(394, 51, 18, 35),
(395, 51, 108, 47),
(396, 52, 12, 0),
(397, 52, 2, 0),
(398, 52, 26, 12),
(399, 52, 109, 17),
(400, 52, 63, 24),
(401, 52, 78, 33),
(402, 52, 18, 44),
(403, 53, 12, 0),
(404, 53, 2, 0),
(405, 53, 26, 12),
(406, 53, 109, 17),
(407, 53, 63, 24),
(408, 53, 78, 37),
(409, 53, 18, 51),
(410, 54, 12, 0),
(411, 54, 22, 28),
(412, 54, 98, 31),
(413, 54, 34, 36),
(414, 54, 78, 43),
(415, 54, 31, 52),
(416, 55, 12, 0),
(417, 55, 22, 28),
(418, 55, 98, 31),
(419, 55, 34, 39),
(420, 55, 78, 48),
(421, 55, 31, 59),
(422, 56, 12, 0),
(423, 56, 58, 0),
(424, 56, 110, 15),
(425, 56, 78, 21),
(426, 56, 44, 27),
(427, 56, 111, 33),
(428, 56, 88, 39),
(429, 57, 12, 0),
(430, 57, 58, 0),
(431, 57, 110, 15),
(432, 57, 78, 21),
(433, 57, 44, 27),
(434, 57, 111, 37),
(435, 57, 88, 46),
(436, 58, 26, 0),
(437, 58, 97, 0),
(438, 58, 13, 18),
(439, 58, 58, 23),
(440, 58, 112, 30),
(441, 58, 48, 39),
(442, 58, 17, 50),
(443, 59, 97, 0),
(444, 59, 13, 0),
(445, 59, 58, 0),
(446, 59, 112, 0),
(447, 60, 23, 0),
(448, 60, 113, 16),
(449, 60, 25, 19),
(450, 60, 92, 25),
(451, 60, 85, 31),
(452, 60, 114, 38),
(453, 60, 31, 45),
(454, 61, 23, 0),
(455, 61, 113, 16),
(456, 61, 25, 19),
(457, 61, 92, 26),
(458, 61, 85, 33),
(459, 61, 114, 41),
(460, 61, 31, 49),
(461, 62, 92, 0),
(462, 62, 85, 0),
(463, 62, 113, 16),
(464, 62, 25, 19),
(465, 63, 115, 0),
(466, 64, 115, 0),
(467, 64, 34, 16),
(468, 64, 98, 20),
(469, 64, 39, 27),
(470, 64, 116, 31),
(471, 64, 106, 38),
(472, 64, 117, 42),
(473, 65, 115, 0),
(474, 65, 34, 16),
(475, 65, 98, 20),
(476, 65, 39, 27),
(477, 65, 116, 31),
(478, 65, 106, 38),
(479, 65, 117, 42),
(480, 66, 110, 0),
(481, 66, 118, 20),
(482, 66, 58, 25),
(483, 66, 44, 32),
(484, 66, 111, 39),
(485, 66, 119, 46),
(486, 67, 110, 0),
(487, 67, 118, 20),
(488, 67, 58, 25),
(489, 67, 44, 36),
(490, 67, 111, 44),
(491, 67, 119, 52),
(492, 68, 110, 0),
(493, 68, 118, 20),
(494, 68, 58, 25),
(495, 68, 44, 36),
(496, 68, 111, 44),
(497, 68, 119, 52),
(498, 69, 4, 0),
(499, 69, 9, 0),
(500, 69, 61, 13),
(501, 69, 5, 15),
(502, 69, 6, 18),
(503, 69, 35, 21),
(504, 69, 64, 26),
(505, 69, 7, 33),
(506, 69, 72, 42),
(507, 70, 4, 0),
(508, 70, 9, 0),
(509, 70, 61, 13),
(510, 70, 5, 15),
(511, 70, 6, 18),
(512, 70, 35, 23),
(513, 70, 64, 29),
(514, 70, 7, 38),
(515, 70, 72, 49),
(516, 71, 7, 0),
(517, 71, 64, 0),
(518, 71, 35, 0),
(519, 71, 61, 13),
(520, 71, 5, 15),
(521, 71, 6, 18),
(522, 72, 64, 0),
(523, 72, 36, 7),
(524, 72, 61, 13),
(525, 72, 42, 18),
(526, 72, 25, 22),
(527, 72, 120, 33),
(528, 72, 63, 40),
(529, 72, 31, 48),
(530, 73, 64, 0),
(531, 73, 36, 7),
(532, 73, 61, 13),
(533, 73, 25, 22),
(534, 73, 121, 27),
(535, 73, 120, 35),
(536, 73, 63, 43),
(537, 73, 31, 50),
(538, 74, 1, 0),
(539, 74, 76, 11),
(540, 74, 122, 16),
(541, 74, 123, 21),
(542, 74, 33, 26),
(543, 74, 108, 31),
(544, 74, 124, 41),
(545, 75, 1, 0),
(546, 75, 76, 11),
(547, 75, 122, 16),
(548, 75, 123, 21),
(549, 75, 33, 29),
(550, 75, 108, 36),
(551, 75, 124, 43),
(552, 76, 1, 0),
(553, 76, 76, 11),
(554, 76, 122, 16),
(555, 76, 123, 21),
(556, 76, 33, 29),
(557, 76, 108, 36),
(558, 76, 124, 43),
(559, 77, 13, 0),
(560, 77, 22, 30),
(561, 77, 125, 32),
(562, 77, 2, 35),
(563, 77, 20, 39),
(564, 77, 112, 43),
(565, 77, 48, 48),
(566, 78, 13, 0),
(567, 78, 22, 30),
(568, 78, 125, 32),
(569, 78, 2, 35),
(570, 78, 20, 39),
(571, 78, 112, 47),
(572, 78, 48, 55),
(573, 79, 34, 0),
(574, 79, 98, 18),
(575, 79, 125, 22),
(576, 79, 2, 27),
(577, 79, 25, 33),
(578, 79, 114, 40),
(579, 79, 106, 48),
(580, 80, 34, 0),
(581, 80, 98, 18),
(582, 80, 125, 22),
(583, 80, 2, 27),
(584, 80, 25, 33),
(585, 80, 24, 37),
(586, 80, 114, 44),
(587, 80, 106, 55),
(588, 81, 1, 0),
(589, 81, 126, 21),
(590, 81, 69, 25),
(591, 81, 36, 29),
(592, 81, 70, 35),
(593, 81, 77, 41),
(594, 81, 63, 47),
(595, 82, 1, 0),
(596, 82, 126, 21),
(597, 82, 69, 25),
(598, 82, 36, 29),
(599, 82, 70, 38),
(600, 82, 77, 46),
(601, 82, 63, 54),
(602, 83, 57, 0),
(603, 83, 50, 0),
(604, 83, 58, 7),
(605, 83, 43, 15),
(606, 83, 127, 23),
(607, 83, 48, 31),
(608, 83, 18, 39),
(609, 84, 57, 0),
(610, 84, 2, 20),
(611, 84, 43, 24),
(612, 84, 60, 30),
(613, 84, 15, 36),
(614, 84, 128, 40),
(615, 84, 48, 44),
(616, 85, 57, 0),
(617, 85, 2, 20),
(618, 85, 43, 24),
(619, 85, 60, 30),
(620, 85, 15, 39),
(621, 85, 128, 45),
(622, 85, 48, 51),
(623, 86, 125, 0),
(624, 86, 2, 30),
(625, 86, 129, 35),
(626, 86, 99, 40),
(627, 86, 112, 45),
(628, 86, 130, 50),
(629, 87, 125, 0),
(630, 87, 2, 30),
(631, 87, 129, 35),
(632, 87, 99, 44),
(633, 87, 112, 50),
(634, 87, 130, 56),
(635, 88, 89, 0),
(636, 88, 98, 0),
(637, 88, 131, 30),
(638, 88, 93, 33),
(639, 88, 132, 37),
(640, 88, 33, 42),
(641, 88, 63, 48),
(642, 88, 133, 55),
(643, 89, 89, 0),
(644, 89, 98, 0),
(645, 89, 131, 30),
(646, 89, 93, 33),
(647, 89, 132, 37),
(648, 89, 33, 45),
(649, 89, 63, 53),
(650, 89, 133, 60),
(651, 90, 1, 0),
(652, 90, 24, 0),
(653, 90, 36, 18),
(654, 90, 134, 23),
(655, 90, 129, 30),
(656, 90, 58, 39),
(657, 90, 130, 50),
(658, 91, 24, 0),
(659, 91, 36, 0),
(660, 91, 129, 0),
(661, 91, 134, 0),
(662, 91, 135, 50),
(663, 92, 136, 0),
(664, 92, 137, 0),
(665, 92, 96, 0),
(666, 92, 113, 27),
(667, 92, 138, 35),
(668, 93, 136, 0),
(669, 93, 137, 0),
(670, 93, 96, 0),
(671, 93, 113, 29),
(672, 93, 138, 38),
(673, 94, 136, 0),
(674, 94, 137, 0),
(675, 94, 96, 0),
(676, 94, 113, 29),
(677, 94, 138, 38),
(678, 95, 1, 0),
(679, 95, 62, 0),
(680, 95, 139, 15),
(681, 95, 122, 19),
(682, 95, 15, 25),
(683, 95, 72, 33),
(684, 95, 33, 43),
(685, 96, 89, 0),
(686, 96, 113, 0),
(687, 96, 98, 12),
(688, 96, 34, 17),
(689, 96, 125, 24),
(690, 96, 131, 29),
(691, 96, 106, 32),
(692, 96, 140, 37),
(693, 97, 89, 0),
(694, 97, 113, 0),
(695, 97, 98, 12),
(696, 97, 34, 17),
(697, 97, 125, 24),
(698, 97, 131, 33),
(699, 97, 106, 37),
(700, 97, 140, 43),
(701, 98, 23, 0),
(702, 98, 58, 0),
(703, 98, 141, 20),
(704, 98, 142, 25),
(705, 98, 125, 30),
(706, 98, 143, 35),
(707, 98, 33, 40),
(708, 99, 23, 0),
(709, 99, 58, 0),
(710, 99, 141, 20),
(711, 99, 142, 25),
(712, 99, 125, 34),
(713, 99, 143, 42),
(714, 99, 33, 49),
(715, 100, 1, 0),
(716, 100, 63, 0),
(717, 100, 126, 17),
(718, 100, 123, 22),
(719, 100, 75, 29),
(720, 100, 77, 36),
(721, 100, 124, 43),
(722, 101, 1, 0),
(723, 101, 63, 0),
(724, 101, 126, 17),
(725, 101, 123, 22),
(726, 101, 75, 29),
(727, 101, 77, 40),
(728, 101, 124, 50),
(729, 102, 144, 0),
(730, 102, 113, 0),
(731, 102, 117, 25),
(732, 102, 3, 28),
(733, 102, 35, 32),
(734, 102, 5, 37),
(735, 102, 11, 42),
(736, 102, 6, 48),
(737, 103, 144, 0),
(738, 103, 113, 0),
(739, 103, 125, 28),
(740, 104, 2, 0),
(741, 104, 145, 0),
(742, 104, 58, 25),
(743, 104, 44, 31),
(744, 104, 88, 38),
(745, 104, 146, 43),
(746, 104, 15, 46),
(747, 105, 2, 0),
(748, 105, 145, 0),
(749, 105, 58, 25),
(750, 105, 44, 33),
(751, 105, 88, 46),
(752, 105, 146, 48),
(753, 105, 15, 55),
(754, 106, 81, 0),
(755, 106, 140, 0),
(756, 106, 147, 33),
(757, 106, 148, 38),
(758, 106, 44, 43),
(759, 106, 149, 48),
(760, 106, 150, 53),
(761, 107, 151, 0),
(762, 107, 48, 0),
(763, 107, 152, 33),
(764, 107, 153, 38),
(765, 107, 154, 43),
(766, 107, 155, 48),
(767, 107, 156, 53),
(768, 108, 36, 0),
(769, 108, 61, 0),
(770, 108, 125, 7),
(771, 108, 98, 15),
(772, 108, 76, 23),
(773, 108, 72, 31),
(774, 108, 63, 39),
(775, 109, 1, 0),
(776, 109, 157, 0),
(777, 109, 132, 32),
(778, 109, 14, 37),
(779, 109, 123, 40),
(780, 109, 68, 45),
(781, 109, 124, 48),
(782, 110, 1, 0),
(783, 110, 157, 0),
(784, 110, 132, 32),
(785, 110, 14, 39),
(786, 110, 123, 43),
(787, 110, 68, 49),
(788, 110, 124, 53),
(789, 111, 86, 0),
(790, 111, 125, 30),
(791, 111, 22, 35),
(792, 111, 43, 40),
(793, 111, 87, 45),
(794, 111, 58, 50),
(795, 111, 112, 55),
(796, 112, 86, 0),
(797, 112, 125, 30),
(798, 112, 22, 35),
(799, 112, 43, 40),
(800, 112, 87, 48),
(801, 112, 58, 55),
(802, 112, 112, 64),
(803, 113, 89, 0),
(804, 113, 92, 0),
(805, 113, 91, 24),
(806, 113, 93, 38),
(807, 113, 76, 44),
(808, 113, 75, 48),
(809, 113, 100, 54),
(810, 114, 121, 0),
(811, 114, 139, 0),
(812, 114, 102, 29),
(813, 114, 5, 32),
(814, 114, 35, 36),
(815, 114, 6, 39),
(816, 114, 72, 45),
(817, 114, 9, 48),
(818, 115, 151, 0),
(819, 115, 15, 0),
(820, 115, 26, 26),
(821, 115, 22, 31),
(822, 115, 155, 36),
(823, 115, 58, 41),
(824, 115, 158, 46),
(825, 116, 23, 0),
(826, 116, 14, 19),
(827, 116, 58, 24),
(828, 116, 25, 30),
(829, 116, 48, 37),
(830, 116, 31, 45),
(831, 117, 23, 0),
(832, 117, 14, 19),
(833, 117, 58, 24),
(834, 117, 25, 30),
(835, 117, 48, 41),
(836, 117, 31, 52),
(837, 118, 57, 0),
(838, 118, 22, 0),
(839, 118, 36, 19),
(840, 118, 86, 24),
(841, 118, 43, 30),
(842, 118, 159, 37),
(843, 118, 87, 45),
(844, 118, 48, 54),
(845, 119, 57, 0),
(846, 119, 22, 0),
(847, 119, 36, 19),
(848, 119, 86, 24),
(849, 119, 43, 30),
(850, 119, 159, 39),
(851, 119, 87, 48),
(852, 119, 48, 54),
(853, 120, 1, 0),
(854, 120, 25, 17),
(855, 120, 33, 22),
(856, 120, 116, 27),
(857, 120, 77, 32),
(858, 120, 93, 37),
(859, 120, 75, 42),
(860, 120, 31, 47),
(861, 121, 1, 0),
(862, 121, 33, 0),
(863, 121, 25, 0),
(864, 122, 120, 0),
(865, 122, 34, 15),
(866, 122, 75, 23),
(867, 122, 92, 31),
(868, 122, 140, 39),
(869, 122, 160, 47),
(870, 123, 51, 0),
(871, 123, 58, 17),
(872, 123, 44, 20),
(873, 123, 71, 24),
(874, 123, 18, 29),
(875, 123, 127, 35),
(876, 123, 48, 42),
(877, 124, 89, 0),
(878, 124, 161, 0),
(879, 124, 136, 18),
(880, 124, 92, 23),
(881, 124, 153, 31),
(882, 124, 85, 39),
(883, 124, 88, 47),
(884, 124, 162, 58),
(885, 125, 51, 0),
(886, 125, 58, 0),
(887, 125, 69, 34),
(888, 125, 63, 37),
(889, 125, 124, 42),
(890, 125, 75, 49),
(891, 125, 74, 54),
(892, 126, 13, 0),
(893, 126, 58, 36),
(894, 126, 96, 39),
(895, 126, 152, 43),
(896, 126, 14, 48),
(897, 126, 157, 52),
(898, 126, 17, 55),
(899, 127, 141, 0),
(900, 127, 111, 25),
(901, 127, 142, 30),
(902, 127, 44, 36),
(903, 127, 33, 43),
(904, 127, 18, 49),
(905, 127, 127, 54),
(906, 128, 1, 0),
(907, 128, 125, 21),
(908, 128, 22, 28),
(909, 128, 58, 35),
(910, 128, 15, 44),
(911, 128, 112, 51),
(912, 129, 163, 0),
(913, 129, 1, 15),
(914, 129, 164, 30),
(915, 130, 26, 20),
(916, 130, 19, 25),
(917, 130, 58, 32),
(918, 130, 31, 41),
(919, 130, 165, 52),
(920, 131, 25, 0),
(921, 131, 2, 0),
(922, 131, 91, 16),
(923, 131, 166, 20),
(924, 131, 85, 25),
(925, 131, 96, 31),
(926, 131, 130, 38),
(927, 131, 31, 46),
(928, 132, 167, 0),
(929, 133, 1, 0),
(930, 133, 50, 0),
(931, 133, 51, 27),
(932, 133, 22, 31),
(933, 133, 26, 37),
(934, 133, 112, 45),
(935, 134, 1, 0),
(936, 134, 50, 0),
(937, 134, 51, 27),
(938, 134, 25, 31),
(939, 134, 22, 37),
(940, 134, 26, 40),
(941, 134, 133, 42),
(942, 134, 48, 44),
(943, 134, 31, 54),
(944, 135, 1, 0),
(945, 135, 50, 0),
(946, 135, 51, 27),
(947, 135, 69, 31),
(948, 135, 22, 37),
(949, 135, 70, 40),
(950, 135, 81, 42),
(951, 135, 48, 44),
(952, 135, 47, 48),
(953, 135, 74, 54),
(954, 136, 1, 0),
(955, 136, 50, 0),
(956, 136, 51, 27),
(957, 136, 13, 31),
(958, 136, 70, 40),
(959, 136, 58, 42),
(960, 136, 20, 44),
(961, 136, 17, 54),
(962, 137, 1, 0),
(963, 137, 168, 0),
(964, 137, 169, 0),
(965, 137, 39, 23),
(966, 137, 116, 28),
(967, 137, 48, 35),
(968, 137, 128, 42),
(969, 138, 24, 0),
(970, 138, 25, 0),
(971, 138, 86, 34),
(972, 138, 58, 39),
(973, 138, 135, 44),
(974, 138, 31, 49),
(975, 139, 24, 0),
(976, 139, 25, 0),
(977, 139, 86, 34),
(978, 139, 58, 39),
(979, 139, 135, 46),
(980, 139, 31, 53),
(981, 140, 12, 0),
(982, 140, 33, 0),
(983, 140, 102, 34),
(984, 140, 18, 39),
(985, 140, 58, 44),
(986, 140, 31, 49),
(987, 141, 12, 0),
(988, 141, 33, 0),
(989, 141, 102, 34),
(990, 141, 18, 39),
(991, 141, 58, 46),
(992, 141, 31, 53),
(993, 142, 21, 0),
(994, 142, 48, 0),
(995, 142, 36, 33),
(996, 142, 26, 38),
(997, 142, 112, 45),
(998, 142, 165, 54),
(999, 143, 1, 0),
(1000, 143, 125, 0),
(1001, 143, 99, 0),
(1002, 143, 85, 35),
(1003, 143, 33, 41),
(1004, 143, 100, 48),
(1005, 143, 165, 56),
(1006, 144, 57, 0),
(1007, 144, 130, 0),
(1008, 144, 162, 51),
(1009, 144, 48, 55),
(1010, 144, 166, 60),
(1011, 145, 69, 0),
(1012, 145, 60, 0),
(1013, 145, 74, 51),
(1014, 145, 48, 55),
(1015, 145, 75, 60),
(1016, 146, 57, 0),
(1017, 146, 20, 0),
(1018, 146, 58, 51),
(1019, 146, 48, 55),
(1020, 146, 170, 60),
(1021, 147, 61, 0),
(1022, 147, 58, 0),
(1023, 147, 70, 10),
(1024, 147, 48, 20),
(1025, 147, 72, 30),
(1026, 147, 19, 40),
(1027, 147, 165, 50),
(1028, 148, 61, 0),
(1029, 148, 58, 0),
(1030, 148, 70, 10),
(1031, 148, 48, 20),
(1032, 148, 72, 35),
(1033, 148, 19, 45),
(1034, 148, 165, 55),
(1035, 149, 61, 0),
(1036, 149, 58, 0),
(1037, 149, 70, 10),
(1038, 149, 48, 20),
(1039, 149, 72, 35),
(1040, 149, 19, 45),
(1041, 149, 165, 60),
(1042, 150, 106, 0),
(1043, 150, 98, 0),
(1044, 150, 77, 0),
(1045, 150, 120, 63),
(1046, 150, 106, 66),
(1047, 150, 116, 70),
(1048, 150, 166, 75),
(1049, 150, 114, 81),
(1050, 151, 89, 0),
(1051, 151, 167, 10),
(1052, 151, 155, 20),
(1053, 151, 94, 30),
(1054, 151, 106, 40);

-- --------------------------------------------------------

--
-- 資料表結構 `Locations`
--

CREATE TABLE IF NOT EXISTS `Locations` (
  `LoID` int(11) NOT NULL,
  `PID` int(11) NOT NULL,
  `RID` int(11) NOT NULL,
  `LoProbability` float DEFAULT NULL,
  `LoWay` int(11) NOT NULL
) ENGINE=InnoDB AUTO_INCREMENT=236 DEFAULT CHARSET=latin1;

--
-- 資料表的匯出資料 `Locations`
--

INSERT INTO `Locations` (`LoID`, `PID`, `RID`, `LoProbability`, `LoWay`) VALUES
(1, 16, 1, 0.7, 1),
(2, 19, 1, 0.3, 1),
(3, 16, 2, 0.3, 1),
(4, 19, 2, 0.4, 1),
(5, 29, 2, 0.15, 1),
(6, 32, 2, 0.15, 1),
(7, 21, 3, 0.55, 1),
(8, 19, 3, 0.15, 1),
(9, 27, 3, 0.15, 1),
(10, 56, 3, 0.15, 1),
(11, 21, 4, 0.55, 1),
(12, 19, 4, 0.15, 1),
(13, 27, 4, 0.15, 1),
(14, 56, 4, 0.15, 1),
(15, 16, 5, 0.45, 1),
(16, 19, 5, 0.25, 1),
(17, 63, 5, 0.15, 1),
(18, 39, 5, 0.1, 1),
(19, 17, 5, 0.05, 1),
(20, 16, 6, 0.45, 1),
(21, 19, 6, 0.25, 1),
(22, 63, 6, 0.15, 1),
(23, 39, 6, 0.1, 1),
(24, 17, 6, 0.05, 1),
(25, 54, 6, 0.95, 2),
(26, 55, 6, 0.05, 2),
(27, 129, 6, 1, 3),
(28, 60, 6, 0.5, 4),
(29, 118, 6, 0.5, 4),
(30, 118, 6, 1, 5),
(31, 16, 7, 0.4, 1),
(32, 63, 7, 0.25, 1),
(33, 19, 7, 0.15, 1),
(34, 17, 7, 0.1, 1),
(35, 39, 7, 0.1, 1),
(36, 16, 8, 0.4, 1),
(37, 63, 8, 0.2, 1),
(38, 19, 8, 0.15, 1),
(39, 17, 8, 0.1, 1),
(40, 39, 8, 0.1, 1),
(41, 64, 8, 0.05, 1),
(42, 32, 9, 0.35, 1),
(43, 29, 9, 0.35, 1),
(44, 19, 9, 0.15, 1),
(45, 21, 9, 0.1, 1),
(46, 33, 9, 0.05, 1),
(47, 30, 9, 0.05, 1),
(48, 20, 9, 0.04, 1),
(49, 22, 9, 0.01, 1),
(50, 100, 10, 0.45, 1),
(51, 21, 10, 0.3, 1),
(52, 23, 10, 0.25, 1),
(53, 129, 10, 1, 3),
(54, 60, 10, 0.5, 4),
(55, 118, 10, 0.5, 4),
(56, 98, 10, 0.7, 5),
(57, 116, 10, 0.2, 5),
(58, 99, 10, 0.1, 5),
(59, 16, 11, 0.4, 1),
(60, 19, 11, 0.25, 1),
(61, 96, 11, 0.24, 1),
(62, 17, 11, 0.1, 1),
(63, 20, 11, 0.01, 1),
(64, 43, 12, 0.35, 1),
(65, 69, 12, 0.25, 1),
(66, 16, 12, 0.15, 1),
(67, 17, 12, 0.1, 1),
(68, 44, 12, 0.05, 1),
(69, 70, 12, 0.05, 1),
(70, 83, 12, 0.05, 1),
(71, 79, 12, 0.95, 2),
(72, 80, 12, 0.05, 2),
(73, 129, 12, 1, 3),
(74, 60, 12, 0.5, 4),
(75, 118, 12, 0.5, 4),
(76, 116, 12, 0.7, 5),
(77, 117, 12, 0.3, 5),
(78, 43, 13, 0.35, 1),
(79, 69, 13, 0.25, 1),
(80, 17, 13, 0.15, 1),
(81, 16, 13, 0.1, 1),
(82, 44, 13, 0.05, 1),
(83, 70, 13, 0.05, 1),
(84, 83, 13, 0.05, 1),
(85, 79, 13, 0.95, 2),
(86, 80, 13, 0.05, 2),
(87, 129, 13, 1, 3),
(88, 60, 13, 0.5, 4),
(89, 118, 13, 0.5, 4),
(90, 116, 13, 0.7, 5),
(91, 72, 13, 0.2, 5),
(92, 117, 13, 0.1, 5),
(93, 43, 14, 0.35, 1),
(94, 69, 14, 0.25, 1),
(95, 48, 14, 0.19, 1),
(96, 17, 14, 0.1, 1),
(97, 44, 14, 0.05, 1),
(98, 70, 14, 0.05, 1),
(99, 49, 14, 0.01, 1),
(100, 43, 15, 0.35, 1),
(101, 69, 15, 0.25, 1),
(102, 48, 15, 0.19, 1),
(103, 17, 15, 0.1, 1),
(104, 70, 15, 0.05, 1),
(105, 44, 15, 0.05, 1),
(106, 49, 15, 0.01, 1),
(107, 84, 16, 0.35, 1),
(108, 21, 16, 0.3, 1),
(109, 19, 16, 0.25, 1),
(110, 20, 16, 0.05, 1),
(111, 22, 16, 0.05, 1),
(112, 84, 17, 0.55, 1),
(113, 77, 17, 0.24, 1),
(114, 22, 17, 0.2, 1),
(115, 85, 17, 0.01, 1),
(116, 129, 17, 1, 3),
(117, 60, 17, 0.5, 4),
(118, 118, 17, 0.5, 4),
(119, 72, 17, 0.7, 5),
(120, 90, 17, 0.3, 5),
(121, 84, 18, 0.35, 1),
(122, 21, 18, 0.3, 1),
(123, 19, 18, 0.25, 1),
(124, 20, 18, 0.05, 1),
(125, 22, 18, 0.05, 1),
(126, 129, 18, 1, 3),
(127, 60, 18, 0.5, 4),
(128, 118, 18, 0.5, 4),
(129, 90, 18, 0.6, 5),
(130, 72, 18, 0.4, 5),
(131, 72, 19, 1, 2),
(132, 129, 19, 1, 3),
(133, 60, 19, 0.5, 4),
(134, 118, 19, 0.5, 4),
(135, 72, 19, 0.6, 5),
(136, 120, 19, 0.3, 5),
(137, 93, 19, 0.1, 5),
(138, 72, 20, 1, 2),
(139, 129, 20, 1, 3),
(140, 60, 20, 0.5, 4),
(141, 118, 20, 0.5, 4),
(142, 72, 20, 0.4, 5),
(143, 73, 20, 0.4, 5),
(144, 120, 20, 0.2, 5),
(145, 16, 21, 0.6, 1),
(146, 19, 21, 0.25, 1),
(147, 17, 21, 0.1, 1),
(148, 20, 21, 0.05, 1),
(149, 72, 21, 1, 2),
(150, 129, 21, 1, 3),
(151, 60, 21, 0.5, 4),
(152, 118, 21, 0.5, 4),
(153, 72, 21, 0.6, 5),
(154, 120, 21, 0.3, 5),
(155, 73, 21, 0.1, 5),
(156, 32, 22, 0.35, 1),
(157, 29, 22, 0.35, 1),
(158, 56, 22, 0.2, 1),
(159, 19, 22, 0.1, 1),
(160, 21, 22, 0.1, 1),
(161, 129, 22, 1, 3),
(162, 60, 22, 0.5, 4),
(163, 118, 22, 0.5, 4),
(164, 60, 22, 0.9, 5),
(165, 61, 22, 0.1, 5),
(166, 33, 23, 0.35, 1),
(167, 30, 23, 0.25, 1),
(168, 56, 23, 0.2, 1),
(169, 22, 23, 0.15, 1),
(170, 57, 23, 0.05, 1),
(171, 129, 23, 1, 3),
(172, 60, 23, 0.5, 4),
(173, 118, 23, 0.5, 4),
(174, 60, 23, 0.7, 5),
(175, 61, 23, 0.3, 5),
(176, 43, 24, 0.35, 1),
(177, 16, 24, 0.29, 1),
(178, 69, 24, 0.25, 1),
(179, 48, 24, 0.1, 1),
(180, 17, 24, 0.01, 1),
(181, 129, 24, 1, 3),
(182, 60, 24, 0.5, 4),
(183, 118, 24, 0.5, 4),
(184, 118, 24, 0.7, 5),
(185, 119, 24, 0.3, 5),
(186, 43, 25, 0.35, 1),
(187, 16, 25, 0.29, 1),
(188, 69, 25, 0.25, 1),
(189, 48, 25, 0.1, 1),
(190, 17, 25, 0.01, 1),
(191, 129, 25, 1, 3),
(192, 60, 25, 0.5, 4),
(193, 118, 25, 0.5, 4),
(194, 98, 25, 0.7, 5),
(195, 99, 25, 0.3, 5),
(196, 10, 26, 0.55, 1),
(197, 16, 26, 0.24, 1),
(198, 11, 26, 0.2, 1),
(199, 17, 26, 0.01, 1),
(200, 50, 27, 0.95, 1),
(201, 51, 27, 0.05, 1),
(202, 41, 28, 0.6, 1),
(203, 74, 28, 0.15, 1),
(204, 46, 28, 0.15, 1),
(205, 35, 28, 0.1, 1),
(206, 42, 29, 0.4, 1),
(207, 75, 29, 0.15, 1),
(208, 132, 29, 0.1, 1),
(209, 28, 29, 0.1, 1),
(210, 111, 29, 0.1, 1),
(211, 112, 29, 0.05, 1),
(212, 44, 29, 0.05, 1),
(213, 70, 29, 0.05, 1),
(214, 150, 29, 1, 1),
(215, 41, 30, 0.45, 1),
(216, 74, 30, 0.25, 1),
(217, 66, 30, 0.2, 1),
(218, 95, 30, 0.1, 1),
(219, 92, 31, 0.75, 1),
(220, 93, 31, 0.15, 1),
(221, 104, 31, 0.1, 1),
(222, 32, 32, 0.25, 1),
(223, 102, 32, 0.2, 1),
(224, 29, 32, 0.15, 1),
(225, 33, 32, 0.1, 1),
(226, 104, 32, 0.1, 1),
(227, 128, 32, 0.1, 1),
(228, 105, 32, 0.05, 1),
(229, 127, 32, 0.04, 1),
(230, 114, 32, 0.01, 1),
(231, 129, 32, 1, 3),
(232, 60, 32, 0.5, 4),
(233, 118, 32, 0.5, 4),
(234, 129, 32, 0.9, 5),
(235, 147, 32, 0.1, 5);

-- --------------------------------------------------------

--
-- 資料表結構 `Pokemon`
--

CREATE TABLE IF NOT EXISTS `Pokemon` (
  `PID` int(11) NOT NULL,
  `Name` varchar(45) CHARACTER SET utf8 COLLATE utf8_unicode_ci DEFAULT NULL,
  `GenderRatio` float DEFAULT NULL,
  `Type_1` varchar(45) CHARACTER SET utf8 COLLATE utf8_unicode_ci NOT NULL,
  `Type_2` varchar(45) CHARACTER SET utf8 COLLATE utf8_unicode_ci DEFAULT NULL,
  `HP` int(11) DEFAULT NULL,
  `ATK` int(11) DEFAULT NULL,
  `DEF` int(11) DEFAULT NULL,
  `SATK` int(11) DEFAULT NULL,
  `SDEF` int(11) DEFAULT NULL,
  `SPD` int(11) DEFAULT NULL,
  `AID` int(11) DEFAULT NULL,
  `IID` int(11) DEFAULT NULL
) ENGINE=InnoDB DEFAULT CHARSET=latin1;

--
-- 資料表的匯出資料 `Pokemon`
--

INSERT INTO `Pokemon` (`PID`, `Name`, `GenderRatio`, `Type_1`, `Type_2`, `HP`, `ATK`, `DEF`, `SATK`, `SDEF`, `SPD`, `AID`, `IID`) VALUES
(1, '妙蛙種子', 0.5, '草', '毒', 45, 65, 49, 65, 49, 45, 1, 0),
(2, '妙蛙草', 0.5, '草', '毒', 60, 62, 63, 80, 80, 60, 1, 0),
(3, '妙蛙花', 0.5, '草', '毒', 80, 82, 83, 100, 100, 80, 1, 0),
(4, '小火龍', 0.5, '火', 'null', 39, 52, 43, 60, 50, 65, 2, 0),
(5, '火恐龍', 0.5, '火', 'null', 58, 64, 58, 80, 65, 80, 2, 0),
(6, '噴火龍', 0.5, '火', '飛', 78, 84, 78, 109, 85, 100, 2, 0),
(7, '傑尼龜', 0.5, '水', 'null', 44, 48, 65, 50, 64, 43, 3, 0),
(8, '卡咪龜', 0.5, '水', 'null', 59, 63, 80, 65, 80, 58, 3, 0),
(9, '水箭龜', 0.5, '水', 'null', 79, 83, 100, 85, 105, 78, 3, 0),
(10, '綠毛蟲', 0.5, '蟲', 'null', 45, 30, 35, 20, 20, 45, 4, 0),
(11, '鐵甲蛹', 0.5, '蟲', 'null', 50, 20, 55, 25, 25, 30, 5, 0),
(12, '巴大蝴', 0.5, '蟲', '飛', 60, 45, 50, 80, 80, 70, 6, 1),
(13, '獨角蟲', 0.5, '蟲', '毒', 40, 35, 30, 20, 20, 50, 4, 0),
(14, '鐵殼昆', 0.5, '蟲', '毒', 45, 25, 50, 25, 25, 35, 5, 0),
(15, '大針蜂', 0.5, '蟲', '毒', 65, 80, 40, 45, 80, 75, 7, 2),
(16, '波波', 0.5, '普', '飛', 40, 45, 40, 35, 35, 56, 8, 0),
(17, '比比鳥', 0.5, '普', '飛', 63, 60, 55, 50, 50, 71, 8, 0),
(18, '比雕', 0.5, '普', '飛', 83, 80, 75, 70, 70, 91, 8, 0),
(19, '小拉達', 0.5, '普', 'null', 30, 56, 35, 25, 35, 72, 9, 0),
(20, '拉達', 0.5, '普', 'null', 55, 81, 60, 50, 70, 97, 9, 3),
(21, '烈雀', 0.5, '普', '飛', 40, 60, 30, 31, 31, 70, 8, 0),
(22, '大嘴雀', 0.5, '普', '飛', 65, 90, 65, 61, 61, 100, 8, 4),
(23, '阿柏蛇', 0.5, '毒', 'null', 35, 60, 44, 40, 54, 55, 10, 0),
(24, '阿柏怪', 0.5, '毒', 'null', 60, 85, 69, 65, 79, 80, 10, 2),
(25, '皮卡丘', 0.5, '雷', 'null', 35, 55, 30, 50, 40, 90, 11, 0),
(26, '雷丘', 0.5, '雷', 'null', 60, 90, 55, 90, 80, 100, 11, 0),
(27, '穿山鼠', 0.5, '地', 'null', 50, 75, 85, 20, 30, 40, 12, 0),
(28, '穿山王', 0.5, '地', 'null', 75, 100, 110, 45, 55, 65, 12, 0),
(29, '尼多蘭', 0, '毒', 'null', 55, 47, 52, 40, 40, 41, 13, 0),
(30, '尼多娜', 0, '毒', 'null', 70, 62, 67, 55, 55, 56, 13, 0),
(31, '尼多后', 0, '毒', '地', 90, 82, 87, 75, 85, 76, 13, 0),
(32, '尼多朗', 1, '毒', 'null', 46, 57, 40, 40, 40, 50, 13, 0),
(33, '尼多力諾', 1, '毒', 'null', 61, 72, 57, 55, 55, 65, 13, 0),
(34, '尼多王', 1, '毒', '地', 81, 92, 77, 85, 75, 85, 13, 0),
(35, '皮皮', 0.3, '普', 'null', 70, 45, 48, 60, 65, 35, 14, 0),
(36, '皮可西', 0.3, '普', 'null', 95, 70, 73, 85, 90, 60, 14, 5),
(37, '六尾', 0.3, '火', 'null', 38, 41, 40, 50, 65, 65, 15, 6),
(38, '九尾', 0.3, '火', 'null', 73, 76, 75, 81, 100, 100, 15, 6),
(39, '胖丁', 0.3, '普', 'null', 115, 45, 20, 45, 25, 20, 14, 7),
(40, '胖可丁', 0.3, '普', 'null', 140, 70, 45, 75, 50, 45, 14, 7),
(41, '超音蝠', 0.5, '毒', '飛', 40, 45, 35, 30, 40, 55, 16, 0),
(42, '大嘴蝠', 0.5, '毒', '飛', 75, 80, 70, 65, 75, 90, 16, 0),
(43, '走路草', 0.5, '草', '毒', 45, 50, 55, 75, 65, 30, 17, 0),
(44, '臭臭花', 0.5, '草', '毒', 60, 65, 70, 85, 75, 40, 17, 0),
(45, '霸王花', 0.5, '草', '毒', 75, 80, 85, 100, 90, 50, 17, 0),
(46, '派拉斯', 0.5, '蟲', '草', 35, 70, 55, 45, 55, 25, 18, 8),
(47, '派拉斯特', 0.5, '蟲', '草', 60, 95, 80, 60, 80, 30, 18, 8),
(48, '毛球', 0.5, '蟲', '毒', 60, 55, 50, 40, 55, 45, 6, 0),
(49, '末入蛾', 0.5, '蟲', '毒', 70, 65, 60, 90, 75, 90, 4, 1),
(50, '地鼠', 0.5, '地', 'null', 10, 55, 25, 35, 45, 95, 19, 0),
(51, '三地鼠', 0.5, '地', 'null', 35, 80, 50, 50, 70, 120, 19, 0),
(52, '喵喵', 0.5, '普', 'null', 40, 45, 35, 40, 40, 90, 20, 9),
(53, '貓老大', 0.5, '普', 'null', 65, 70, 60, 65, 65, 115, 21, 0),
(54, '可達鴨', 0.5, '水', 'null', 50, 52, 48, 65, 50, 55, 22, 0),
(55, '哥達鴨', 0.5, '水', 'null', 80, 82, 78, 95, 80, 85, 22, 0),
(56, '猴怪', 0.5, '格', 'null', 40, 80, 35, 35, 45, 70, 23, 0),
(57, '火爆猴', 0.5, '格', 'null', 65, 105, 60, 60, 70, 95, 23, 0),
(58, '卡蒂狗', 0.8, '火', 'null', 55, 70, 45, 70, 50, 60, 10, 6),
(59, '風速狗', 0.8, '火', 'null', 90, 110, 80, 100, 80, 95, 10, 6),
(60, '蚊香蝌蚪', 0.5, '水', 'null', 40, 50, 40, 40, 40, 90, 22, 0),
(61, '蚊香蛙', 0.5, '水', 'null', 65, 65, 65, 50, 50, 90, 22, 0),
(62, '快泳蛙', 0.5, '水', '格', 90, 85, 95, 70, 90, 70, 22, 0),
(63, '凱西', 0.8, '超', 'null', 25, 20, 15, 105, 55, 90, 24, 10),
(64, '勇吉拉', 0.8, '超', 'null', 40, 35, 30, 120, 70, 105, 24, 10),
(65, '胡地', 0.8, '超', 'null', 55, 50, 45, 135, 85, 120, 24, 10),
(66, '腕力', 0.8, '格', 'null', 70, 80, 50, 35, 35, 35, 9, 0),
(67, '豪力', 0.8, '格', 'null', 80, 100, 70, 50, 60, 45, 9, 11),
(68, '怪力', 0.8, '格', 'null', 90, 130, 80, 65, 85, 55, 9, 11),
(69, '喇叭芽', 0.5, '草', '毒', 50, 75, 35, 70, 30, 40, 17, 0),
(70, '口呆花', 0.5, '草', '毒', 65, 90, 50, 85, 45, 55, 17, 0),
(71, '大食花', 0.5, '草', '毒', 80, 105, 65, 100, 60, 70, 17, 0),
(72, '瑪瑙水母', 0.5, '水', '毒', 40, 40, 35, 50, 100, 70, 25, 0),
(73, '毒刺水母', 0.5, '水', '毒', 80, 70, 65, 80, 120, 100, 25, 0),
(74, '小拳石', 0.5, '岩', '地', 40, 80, 100, 30, 30, 20, 26, 0),
(75, '隆隆石', 0.5, '岩', '地', 55, 95, 115, 45, 45, 35, 26, 12),
(76, '隆隆岩', 0.5, '岩', '地', 80, 110, 130, 55, 65, 45, 26, 12),
(77, '小火馬', 0.5, '火', 'null', 50, 85, 55, 65, 65, 90, 27, 0),
(78, '烈焰馬', 0.5, '火', 'null', 65, 100, 70, 80, 80, 105, 27, 0),
(79, '呆呆獸', 0.5, '水', '超', 90, 65, 65, 40, 40, 15, 28, 0),
(80, '呆河馬', 0.5, '水', '超', 95, 75, 110, 100, 80, 30, 28, 0),
(81, '小磁怪', 2, '雷', '鋼', 25, 35, 70, 95, 55, 45, 29, 0),
(82, '三合一磁怪', 2, '雷', '鋼', 50, 60, 95, 120, 70, 70, 29, 13),
(83, '大蔥鴨', 0.5, '普', '飛', 52, 65, 55, 58, 62, 60, 8, 14),
(84, '嘟嘟', 0.5, '普', '飛', 35, 85, 45, 35, 35, 75, 27, 0),
(85, '嘟嘟利', 0.5, '普', '飛', 60, 110, 70, 60, 60, 100, 27, 0),
(86, '小海獅', 0.5, '水', 'null', 65, 45, 55, 45, 70, 45, 30, 15),
(87, '白海獅', 0.5, '水', '冰', 90, 70, 80, 70, 75, 70, 30, 15),
(88, '臭泥', 0.5, '毒', 'null', 80, 80, 50, 40, 50, 25, 31, 0),
(89, '臭臭泥', 0.5, '毒', 'null', 105, 105, 75, 65, 100, 50, 31, 0),
(90, '大舌貝', 0.5, '水', 'null', 30, 65, 100, 45, 25, 40, 32, 16),
(91, '鐵甲貝', 0.5, '水', '冰', 50, 95, 180, 85, 45, 70, 32, 16),
(92, '鬼斯', 0.5, '鬼', '毒', 30, 35, 30, 100, 35, 80, 33, 0),
(93, '鬼斯通', 0.5, '鬼', '毒', 45, 50, 45, 115, 55, 95, 33, 17),
(94, '耿鬼', 0.5, '鬼', '毒', 60, 65, 60, 130, 75, 110, 33, 17),
(95, '大岩蛇', 0.5, '岩', '地', 35, 45, 160, 30, 45, 70, 26, 12),
(96, '素利普', 0.5, '超', 'null', 60, 48, 45, 43, 90, 42, 34, 0),
(97, '素利拍', 0.5, '超', 'null', 85, 73, 70, 73, 115, 67, 34, 0),
(98, '大鉗蟹', 0.5, '水', 'null', 30, 105, 90, 25, 25, 50, 35, 0),
(99, '巨鉗蟹', 0.5, '水', 'null', 55, 130, 115, 50, 50, 75, 35, 0),
(100, '雷電球', 2, '雷', 'null', 40, 30, 50, 55, 55, 100, 11, 0),
(101, '頑皮彈', 2, '雷', 'null', 60, 50, 70, 80, 80, 140, 11, 0),
(102, '蛋蛋', 0.5, '草', '超', 60, 40, 80, 60, 45, 40, 17, 0),
(103, '椰蛋樹', 0.5, '草', '超', 95, 95, 85, 125, 65, 55, 17, 0),
(104, '可拉可拉', 0.5, '地', 'null', 50, 50, 95, 40, 50, 35, 26, 18),
(105, '嗄拉嗄拉', 0.5, '地', 'null', 60, 80, 110, 50, 80, 45, 26, 18),
(106, '沙瓦郎', 1, '格', 'null', 50, 120, 53, 35, 110, 87, 21, 0),
(107, '艾比郎', 1, '格', 'null', 50, 105, 79, 35, 110, 76, 8, 0),
(108, '大舌頭', 0.5, '普', 'null', 90, 55, 75, 60, 75, 30, 28, 0),
(109, '瓦斯彈', 0.5, '毒', 'null', 40, 65, 95, 60, 45, 35, 33, 0),
(110, '雙彈瓦斯', 0.5, '毒', 'null', 65, 90, 120, 85, 70, 60, 33, 0),
(111, '鐵甲犀牛', 0.5, '地', '岩', 80, 85, 95, 30, 30, 25, 26, 0),
(112, '鐵甲暴龍', 0.5, '地', '岩', 105, 130, 120, 45, 45, 40, 26, 0),
(113, '吉利蛋', 0, '普', 'null', 250, 5, 5, 35, 105, 50, 36, 0),
(114, '蔓藤怪', 0.5, '草', 'null', 65, 55, 115, 100, 40, 60, 17, 0),
(115, '袋龍', 0, '普', 'null', 105, 95, 80, 40, 80, 90, 37, 0),
(116, '墨海馬', 0.5, '水', 'null', 30, 40, 70, 70, 25, 60, 38, 0),
(117, '海刺龍', 0.5, '水', 'null', 55, 65, 95, 95, 45, 85, 13, 0),
(118, '角金魚', 0.5, '水', 'null', 45, 64, 60, 35, 50, 63, 38, 0),
(119, '金魚王', 0.5, '水', 'null', 80, 92, 65, 65, 80, 65, 38, 0),
(120, '海星星', 2, '水', 'null', 30, 45, 55, 70, 55, 85, 36, 19),
(121, '寶石海星', 2, '水', '超', 60, 75, 85, 100, 85, 115, 36, 19),
(122, '吸盤魔偶', 0.5, '超', 'null', 40, 45, 65, 100, 120, 90, 39, 0),
(123, '飛天螳螂', 0.5, '蟲', '飛', 70, 110, 80, 55, 80, 105, 7, 0),
(124, '迷唇姊', 0, '冰', '超', 65, 50, 35, 115, 95, 95, 28, 0),
(125, '電擊獸', 0.8, '雷', 'null', 65, 83, 57, 95, 85, 105, 11, 0),
(126, '鴨嘴火龍', 0.8, '火', 'null', 65, 95, 57, 100, 85, 93, 40, 0),
(127, '大甲', 0.5, '蟲', 'null', 65, 125, 100, 55, 70, 85, 41, 0),
(128, '肯泰羅', 1, '普', 'null', 75, 100, 95, 40, 70, 110, 10, 0),
(129, '鯉魚王', 0.5, '水', 'null', 20, 10, 55, 15, 20, 80, 38, 0),
(130, '暴鯉龍', 0.5, '水', '飛', 95, 125, 79, 60, 100, 81, 10, 0),
(131, '乘龍', 0.5, '水', '冰', 130, 85, 80, 85, 95, 60, 32, 0),
(132, '百變怪', 2, '普', 'null', 48, 48, 48, 48, 48, 48, 21, 0),
(133, '伊布', 0.9, '普', 'null', 55, 55, 50, 45, 65, 55, 27, 0),
(134, '水精靈', 0.9, '水', 'null', 130, 65, 60, 110, 95, 65, 42, 0),
(135, '雷精靈', 0.9, '雷', 'null', 65, 65, 60, 110, 95, 130, 43, 0),
(136, '火精靈', 0.9, '火', 'null', 65, 130, 60, 95, 110, 65, 15, 0),
(137, '３Ｄ龍', 2, '普', 'null', 65, 60, 70, 85, 75, 40, 44, 0),
(138, '菊石獸', 0.9, '水', '岩', 35, 40, 100, 90, 55, 35, 38, 0),
(139, '多刺菊石獸', 0.9, '水', '岩', 70, 60, 125, 115, 70, 55, 38, 0),
(140, '化石盔', 0.9, '岩', '水', 30, 80, 90, 55, 45, 55, 38, 0),
(141, '鐮刀盔', 0.9, '岩', '水', 60, 115, 105, 65, 70, 80, 38, 0),
(142, '化石翼龍', 0.9, '岩', '飛', 80, 105, 65, 60, 75, 130, 45, 0),
(143, '卡比獸', 0.9, '普', 'null', 160, 110, 65, 65, 110, 30, 30, 20),
(144, '急凍鳥', 2, '冰', '飛', 90, 85, 100, 95, 125, 85, 45, 0),
(145, '閃電鳥', 2, '雷', '飛', 90, 90, 85, 125, 90, 100, 45, 0),
(146, '火焰鳥', 2, '火', '飛', 90, 100, 90, 125, 85, 90, 45, 0),
(147, '迷你龍', 0.5, '龍', 'null', 41, 64, 45, 50, 50, 50, 5, 0),
(148, '哈克龍', 0.5, '龍', 'null', 61, 84, 65, 70, 70, 70, 5, 21),
(149, '快龍', 0.5, '龍', '飛', 91, 134, 95, 100, 100, 80, 16, 21),
(150, '超夢', 2, '超', 'null', 106, 110, 90, 154, 90, 130, 45, 0),
(151, '夢幻', 2, '超', 'null', 100, 100, 100, 100, 100, 100, 24, 0);

-- --------------------------------------------------------

--
-- 資料表結構 `Region`
--

CREATE TABLE IF NOT EXISTS `Region` (
  `RID` int(11) NOT NULL,
  `RName` varchar(45) CHARACTER SET utf8 COLLATE utf8_unicode_ci DEFAULT NULL,
  `RDescribe` varchar(45) CHARACTER SET utf8 COLLATE utf8_unicode_ci DEFAULT NULL
) ENGINE=InnoDB DEFAULT CHARSET=latin1;

--
-- 資料表的匯出資料 `Region`
--

INSERT INTO `Region` (`RID`, `RName`, `RDescribe`) VALUES
(1, '1號道路', '道路'),
(2, '2號道路', '道路'),
(3, '3號道路', '道路'),
(4, '4號道路', '道路'),
(5, '5號道路', '道路'),
(6, '6號道路', '道路'),
(7, '7號道路', '道路'),
(8, '8號道路', '道路'),
(9, '9號道路', '道路'),
(10, '10號道路', '道路'),
(11, '11號道路', '道路'),
(12, '12號道路', '道路'),
(13, '13號道路', '道路'),
(14, '14號道路', '道路'),
(15, '15號道路', '道路'),
(16, '16號道路', '道路'),
(17, '17號道路', '道路'),
(18, '18號道路', '道路'),
(19, '19號水道', '水道'),
(20, '20號水道', '水道'),
(21, '21號水道', '水道'),
(22, '22號道路', '道路'),
(23, '23號道路', '道路'),
(24, '24號道路', '道路'),
(25, '25號道路', '道路'),
(26, '常磐森林', '森林'),
(27, '地鼠洞', '山洞'),
(28, '月見山', '山洞'),
(29, '華藍洞', '山洞'),
(30, '岩山隧道', '山洞'),
(31, '神奇寶貝塔', '塔'),
(32, '野生原野區', '道路');

-- --------------------------------------------------------

--
-- 資料表結構 `Skill`
--

CREATE TABLE IF NOT EXISTS `Skill` (
  `SID` int(11) NOT NULL,
  `SName` varchar(45) COLLATE utf8_unicode_ci DEFAULT NULL,
  `SType` varchar(45) COLLATE utf8_unicode_ci NOT NULL,
  `SPowerPoint` int(11) DEFAULT NULL,
  `SBasePower` int(11) DEFAULT NULL,
  `SAccuracy` float DEFAULT NULL,
  `SEffect` varchar(255) COLLATE utf8_unicode_ci DEFAULT NULL,
  `SSpeedPriority` int(11) DEFAULT NULL
) ENGINE=InnoDB DEFAULT CHARSET=utf8 COLLATE=utf8_unicode_ci;

--
-- 資料表的匯出資料 `Skill`
--

INSERT INTO `Skill` (`SID`, `SName`, `SType`, `SPowerPoint`, `SBasePower`, `SAccuracy`, `SEffect`, `SSpeedPriority`) VALUES
(1, '撞擊', '普', 35, 35, 0.95, '一般攻擊', 0),
(2, '鳴叫', '普', 40, NULL, 1, '令對象攻擊下降一個等級', 0),
(3, '寄生樹種子', '草', 10, NULL, 0.9, '每回合吸取對象最大HP的1/8', 0),
(4, '籐鞭', '草', 10, 35, 1, '一般攻擊', 0),
(5, '毒之粉末', '毒', 35, NULL, 0.75, '令對象中毒', 0),
(6, '催眠粉末', '草', 15, NULL, 0.75, '令對象睡眠', 0),
(7, '葉子飛刀', '草', 25, 55, 0.95, '容易擊中對象要害', 0),
(8, '香氣', '普', 20, NULL, 1, '令對象迴避下降一個等級／[冒險]吸引野生精靈', 0),
(9, '成長', '普', 40, NULL, NULL, '自己特攻提升一個等級', 0),
(10, '光合作用', '草', 5, NULL, NULL, '自己回復最大HP的1/2', 0),
(11, '陽光烈焰', '草', 10, 120, 1, '一回合準備，次回合攻擊', 0),
(12, '搔', '普', 35, 40, 1, '一般攻擊', 0),
(13, '火苗', '火', 25, 40, 1, '10%令對象燃燒', 0),
(14, '煙幕', '普', 20, NULL, 1, '令對象命中下降一個等級', 0),
(15, '憤怒', '普', 20, 20, 1, '如果受到攻擊，連續使用威力倍增', 0),
(16, '怒目而視', '普', 10, NULL, 0.9, '令對象速度下降兩個等級', 0),
(17, '火焰噴射', '火', 15, 95, 1, '10%令對象燃燒', 0),
(18, '揮砍', '普', 20, 70, 1, '容易擊中對象要害', 0),
(19, '龍之怒', '龍', 10, NULL, 1, '給予對象40點的傷害', 0),
(20, '火焰漩渦', '火', 15, 15, 70, '3~6回合令對象減最大HP的1/16，期間對象不能逃走', 0),
(21, '雙翼拍擊', '飛', 35, 60, 1, '一般攻擊', 0),
(22, '揮舞尾巴', '普', 30, NULL, 1, '令對象防禦下降一個等級', 0),
(23, '泡沫', '水', 30, 20, 1, '10%令對象速度下降一個等級', 0),
(24, '縮頭', '水', 40, NULL, NULL, '自己防禦提升一個等級', 0),
(25, '噴水', '水', 25, 40, 1, '一般攻擊', 0),
(26, '咬噬', '惡', 25, 60, 1, '30%令對象膽怯', 0),
(27, '高速旋轉', '普', 40, 20, 1, '解除自己受到的綑縛狀態', 0),
(28, '保護', '普', 10, NULL, NULL, '可抵擋任何攻擊，但連續使用成功率會下降', 3),
(29, '祈雨', '水', 5, NULL, NULL, '5回合內下雨，其間水系招式威力*1.5、火系招式威力*0.5', 0),
(30, '火箭頭槌', '普', 15, 100, 1, '自己防禦提升一個等級；一回合準備，次回合攻擊', 0),
(31, '水柱巨砲', '水', 5, 120, 0.8, '一般攻擊', 0),
(32, '吐絲', '蟲', 40, NULL, 0.95, '令對象速度下降一個等級', 0),
(33, '僵硬', '普', 30, NULL, NULL, '自己防禦提升一個等級', 0),
(34, '念力', '超', 25, 50, 1, '10%令對象混亂', 0),
(35, '麻痺粉末', '草', 30, NULL, 0.75, '令對象麻痺', 0),
(36, '超音波', '普', 20, NULL, 0.55, '令對象混亂', 0),
(37, '旋風', '普', 20, NULL, 1, '強制結束與野生精靈的戰鬥', -6),
(38, '翻風', '飛', 35, 40, 1, '一般攻擊', 0),
(39, '幻象光線', '超', 20, 65, 1, '10%令對象混亂', 0),
(40, '神秘護符', '普', 25, NULL, NULL, '5回合內不會因別人而得到異常狀態', 0),
(41, '銀色之風', '蟲', 5, 60, 1, '10%令自己所有能力提升一個等級', 0),
(42, '毒針', '毒', 35, 15, 1, '30%令對象中毒', 0),
(43, '亂針', '普', 20, 15, 0.85, '一回合作出2~5次攻擊', 0),
(44, '集中力量', '普', 30, NULL, NULL, '使用後攻擊容易擊中對象要害；重複使用無效果', 0),
(45, '雙針', '蟲', 20, 25, 1, '連續2次攻擊；20%令對象中毒', 0),
(46, '追擊', '惡', 20, 40, 1, '如果對象交替精靈，在交替前攻擊，給予準備換走精靈2倍傷害', 0),
(47, '飛彈針', '蟲', 20, 14, 85, '一回合作出2~5次攻擊', 0),
(48, '高速移動', '超', 30, NULL, NULL, '自己速度提升兩個等級', 0),
(49, '魯莽', '普', 5, NULL, 1, '對象餘下HP高於自己時，令對象餘下HP等於自己餘下HP的數值', 0),
(50, '風沙撥擊', '地', 15, NULL, 1, '令對象命中下降一個等f級', 0),
(51, '電光石火', '普', 30, 40, 1, '先制攻擊', 1),
(52, '雙翼拍擊', '飛', 35, 60, 1, '一般攻擊', 0),
(53, '羽毛舞', '飛', 15, NULL, 1, '令對象攻擊下降兩個等級', 0),
(54, '鸚鵡學舌', '飛', 20, NULL, NULL, '使用最後受到攻擊的招式', 0),
(55, '必殺門牙', '普', 15, 80, 0.9, '10%令對象膽怯', 0),
(56, '憤怒門牙', '普', 10, NULL, 0.9, '對象現時HP/2', 0),
(57, '啄', '飛', 35, 35, 1, '一般攻擊', 0),
(58, '瞪眼', '普', 30, NULL, 1, '令對象防禦下降一個等級', 0),
(59, '飛燕疾擊', '飛', 20, 60, NULL, '一定能擊中對象(對象躲藏不計)', 0),
(60, '鑽啄', '飛', 20, 80, 1, '一般攻擊', 0),
(61, '捲起', '普', 20, 15, 0.85, '3~6回合令對象減最大HP的1/16，期間對象不能逃走', 0),
(62, '大蛇瞪眼', '普', 30, NULL, 0.75, '令對象麻痺', 0),
(63, '噪音', '普', 40, NULL, 0.85, '令對象防禦下降兩個等級', 0),
(64, '溶解毒液', '毒', 30, 40, 1, '10%令對象防禦下降一個等級', 0),
(65, '吸氣', '普', 10, NULL, NULL, '儲氣，最多儲三次', 0),
(66, '狼吞虎嚥', '普', 10, NULL, NULL, '視吸氣次數回復自己HP', 0),
(67, '嘔吐', '普', 10, 100, 1, '傷害*吸氣次數', 0),
(68, '黑霧', '冰', 30, NULL, NULL, '雙方取消所有能力等級', 0),
(69, '電擊', '雷', 30, 40, 1, '10%令對象麻痺', 0),
(70, '電磁波', '雷', 20, NULL, 1, '令對象麻痺', 0),
(71, '影子分身', '普', 15, NULL, NULL, '自己迴避提升一個等級', 0),
(72, '叩擊', '普', 20, 85, 0.75, '一般攻擊', 0),
(73, '十萬伏特', '雷', 15, 95, 1, '10%令對象麻痺', 0),
(74, '轟天雷', '雷', 10, 120, 0.7, '30%令對象麻痺', 0),
(75, '光牆', '超', 30, NULL, NULL, '5回合內我方受到特殊攻擊時傷害*1/2', 0),
(76, '變圓', '普', 40, NULL, NULL, '自己防禦提升一個等級', 0),
(77, '超速星', '普', 20, 60, NULL, '一定能擊中對象(對象躲藏不計)', 0),
(78, '亂搔', '普', 15, 18, 0.8, '一回合作出2~5次攻擊', 0),
(79, '風沙漩渦', '地', 15, 15, 0.7, '3~6回合令對象減最大HP的1/16，期間對象不能逃走', 0),
(80, '暴風沙', '岩', 10, NULL, NULL, '5回合內風沙，雙方精靈每回合減去最大HP的1/16', 0),
(81, '連環踢', '格', 30, 30, 1, '一回合內作出2次攻擊', 1),
(82, '幫助', '普', 20, NULL, 1, '2v2對戰，令隊友這回合的攻擊傷害*1.5', 5),
(83, '煽動', '惡', 15, NULL, 1, '令對象特攻提升一個等級，但會混亂', 0),
(84, '狂咬', '惡', 15, 80, 1, '20%令對象特防下降一個等級', 0),
(85, '千斤鼎', '普', 15, 85, 1, '30%令對象麻痺', 0),
(86, '角擊', '普', 25, 65, 1, '一般攻擊', 0),
(87, '獨角鑽', '普', 5, NULL, 0.3, '對象即進入瀕死狀態(對象Lv比自己高則無效)', 0),
(88, '橫衝直撞', '普', 20, 90, 1, '2~3回合連續攻擊，之後自己會混亂(攻擊失誤不計)', 0),
(89, '拍打', '普', 35, 40, 1, '一般攻擊', 0),
(90, '安歌', '普', 5, NULL, 1, '令對象此回合及其後2~6回合內，重複使用最後使出的招式', 0),
(91, '唱歌', '普', 15, NULL, 0.55, '令對象睡眠', 0),
(92, '連環掌擊', '普', 10, 15, 0.85, '一回合內2~5次連續攻擊', 0),
(93, '變小', '普', 20, NULL, NULL, '我方迴避提升一個等級', 0),
(94, '揮指', '普', 10, NULL, NULL, '隨機使出任何一招', 0),
(95, '月光', '普', 5, NULL, NULL, '回復HP最大值的50%', 0),
(96, '神魂光束', '鬼', 10, NULL, 1, '令對手混亂', 0),
(97, '吠叫', '普', 20, NULL, 1, '強制對手交換精靈', -6),
(98, '精神控制', '普', 20, NULL, 0.55, '令對手剛使出的招式在數回合裏不能使用', 0),
(99, '睡眠', '超', 10, NULL, NULL, 'HP完全回復，但之後兩回合會進入睡眠狀態', 0),
(100, '捨身撞擊', '普', 15, 120, 1, '給予對手的傷害，自己亦承受25%', 0),
(101, '吸血', '蟲', 15, 20, 1, '給予對手損傷的一半，會回復我方HP', 0),
(102, '吸取', '草', 20, 20, 1, '給予對手損傷的一半，會回復我方HP', 0),
(103, '花瓣舞', '草', 20, 70, 1, '2~3回合連續攻擊，之後會混亂', 0),
(104, '蘑菇孢子', '草', 15, NULL, 1, '令對手睡眠', 0),
(105, '識破', '普', 40, NULL, 1, '對鬼系使用後，普通或格鬥招式能擊中鬼系', 0),
(106, '精神念力', '超', 10, 90, 1, '10%令對手特防下降一個等級', 0),
(107, '挖洞', '地', 10, 60, 1, '一回合挖洞，次回合攻擊', 0),
(108, '地震', '地', 10, 100, 1, '一般攻擊；對挖洞中的對手加倍傷害', 0),
(109, '招財', '普', 20, 40, 1, '戰鬥完結後，可得到Levelx攻擊次數x2的金錢', 0),
(110, '手刀', '格', 25, 50, 1, '容易擊中對手要害', 0),
(111, '投擲地球', '格', 20, NULL, 1, '給予對手等於我方Level的數值的傷害', 0),
(112, '突進', '普', 20, 90, 0.85, '給予對手的傷害，自己亦承受25%', 0),
(113, '催眠術', '超', 20, NULL, 0.6, '令對手睡眠', 0),
(114, '過度遺忘', '超', 20, NULL, NULL, '我方特防提升兩個等級', 0),
(115, '瞬間轉移', '超', 20, NULL, NULL, '野生戰鬥中逃走', 0),
(116, '自我再生', '普', 20, NULL, NULL, '回復HP最大值的50%', 0),
(117, '反射抵擋', '超', 20, NULL, NULL, '5回合內(交替效果持續)，受到對手物理攻擊時傷害*1/2', 0),
(118, '下旋', '格', 20, 50, 0.9, '30%令對手膽怯', 0),
(119, '地獄式滾動', '格', 25, 80, 0.8, '給予對手的傷害，自己亦承受25%', 0),
(120, '障礙', '超', 30, NULL, NULL, '我方防禦提升兩個等級', 0),
(121, '纏繞', '普', 32, 10, 1, '10%令對手速度下降一個等級', 0),
(122, '落石', '岩', 15, 50, 0.9, '一般攻擊', 0),
(123, '自爆', '普', 5, 200, 1, '使用此技能後，我方即進入瀕死狀態', 0),
(124, '大爆發', '普', 5, 250, 1, '使用此技能後，我方即進入瀕死狀態', 0),
(125, '踐踏', '普', 20, 65, 1, '30%令對手膽怯', 0),
(126, '音波爆擊', '普', 20, NULL, 0.9, '給予對手20點的傷害', 0),
(127, '劍舞', '普', 30, NULL, NULL, '我方攻擊提升兩個等級', 0),
(128, '三角攻擊', '普', 10, 80, 100, '20%令對手麻痺、燃燒或結冰', 0),
(129, '天極光束', '冰', 20, 65, 1, '10%令對手攻擊下降一個等級', 0),
(130, '冷凍光束', '冰', 10, 95, 1, '10%令對手結冰', 0),
(131, '毒瓦斯', '毒', 40, NULL, 0.55, '令對手中毒', 0),
(132, '污泥攻擊', '毒', 20, 65, 1, '30%令對手中毒', 0),
(133, '溶化', '毒', 40, NULL, NULL, '我方防禦提升兩個等級', 0),
(134, '貝殼夾擊', '水', 10, 34, 0.75, '2~5回合令對手減1/16HP，期間對手不能逃走', 0),
(135, '尖刺大炮', '普', 15, 20, 1, '一回合內作出2~5次攻擊', 0),
(136, '舔', '鬼', 30, 20, 1, '30%令對手麻痺', 0),
(137, '黑夜施咒', '鬼', 15, NULL, 1, '給予對手等於我方Level的數值的傷害', 0),
(138, '食夢', '超', 15, 100, 1, '給與對手損傷的一半，會回復我方HP，但對手必須在睡眠狀態', 0),
(139, '捆綁', '普', 20, 15, 75, '2~5回合連續對對手造成傷害，期間對手不能逃走', 0),
(140, '瑜珈姿勢', '超', 40, NULL, NULL, '我方攻擊提升一個等級', 0),
(141, '夾擊', '普', 30, 55, 1, '一般攻擊', 0),
(142, '必殺巨鉗', '普', 5, NULL, 0.3, '對手即進入瀕死狀態(對手Lv比我方高則無效)', 0),
(143, '螃蟹巨鉗', '水', 10, 90, 0.85, '容易擊中對手要害', 0),
(144, '投擲炸彈', '普', 20, 15, 0.85, '一回合內作出2~5次攻擊', 0),
(145, '骨頭棒', '地', 20, 65, 0.85, '10%令對手膽怯', 0),
(146, '骨頭回力鏢', '地', 10, 50, 0.9, '一回合內作出2次攻擊', 0),
(147, '旋風踢腿', '格', 15, 60, 0.85, '30%令對手膽怯', 0),
(148, '飛踢', '格', 25, 70, 0.95, '攻擊失誤的話自己要受1/8的傷害', 0),
(149, '飛膝踢', '格', 20, 85, 0.9, '攻擊失誤的話自己要受1/8的傷害', 0),
(150, '超級踢腿', '普', 5, 120, 0.75, '一般攻擊', 0),
(151, '連續拳擊', '普', 15, 18, 0.85, '一回合作出2~5次攻擊', 0),
(152, '火之拳', '火', 15, 75, 1, '10%令對手燃燒', 0),
(153, '冷凍拳', '冰', 15, 75, 1, '10%令對手結冰', 0),
(154, '雷拳', '雷', 15, 75, 1, '10%令對手麻痺', 0),
(155, '超級拳擊', '普', 20, 80, 0.85, '一般攻擊', 0),
(156, '反擊', '格', 20, NULL, 1, '後制，將對手的物理攻擊雙倍奉還', -6),
(157, '毒霧', '毒', 20, 20, 0.7, '50%令對手中毒', 0),
(158, '啄啄拳', '普', 10, 70, 1, '20%令對手混亂', 0),
(159, '逆流而上', '水', 15, 80, 1, '一般攻擊／攀越瀑布', 0),
(160, '替身', '普', 10, NULL, NULL, '使用25%HP來製作分身，分身會替我方抵受攻擊', 0),
(161, '惡魔之吻', '普', 15, NULL, 0.75, '令對手睡眠', 0),
(162, '暴風雪', '冰', 5, 120, 0.7, '10%令對手結冰', 0),
(163, '鯉魚翻身', '普', 40, NULL, NULL, '沒有效果', 0),
(164, '拚死抵抗', '普', 15, NULL, 1, '餘下HP越少，對對手的傷害越大', 0),
(165, '破壞光束', '普', 5, 150, 0.9, '一回合攻擊，次回合不能行動', 0),
(166, '白霧', '冰', 30, NULL, NULL, '5回合內(交替效果持續)，不會受能力下降的技能影響', 0),
(167, '變身', '普', 10, NULL, NULL, '變成與對手一樣的精靈', 0),
(168, '變質', '普', 30, NULL, NULL, '將自己屬性變為自己其中一個招式的屬性', 0),
(169, '起角', '普', 30, NULL, NULL, '我方攻擊提升一個等級', 0),
(170, '聖鳥一擊', '飛', 5, 140, 0.9, '一回合準備，次回合攻擊；30%令對手膽怯', 0),
(171, '頭槌', '普', 15, 70, 1, '30%令對手膽怯', 0);

--
-- 已匯出資料表的索引
--

--
-- 資料表索引 `Ability`
--
ALTER TABLE `Ability`
  ADD PRIMARY KEY (`AID`);

--
-- 資料表索引 `Item`
--
ALTER TABLE `Item`
  ADD PRIMARY KEY (`IID`);

--
-- 資料表索引 `Learn`
--
ALTER TABLE `Learn`
  ADD PRIMARY KEY (`LID`,`PID`,`SID`),
  ADD KEY `Pokemon_ID` (`PID`),
  ADD KEY `Skill_ID` (`SID`);

--
-- 資料表索引 `Locations`
--
ALTER TABLE `Locations`
  ADD PRIMARY KEY (`LoID`,`PID`,`RID`),
  ADD KEY `Pokemon_ID` (`PID`),
  ADD KEY `Region_ID` (`RID`);

--
-- 資料表索引 `Pokemon`
--
ALTER TABLE `Pokemon`
  ADD PRIMARY KEY (`PID`),
  ADD KEY `Ability_id` (`AID`),
  ADD KEY `HoldItem_id` (`IID`);

--
-- 資料表索引 `Region`
--
ALTER TABLE `Region`
  ADD PRIMARY KEY (`RID`);

--
-- 資料表索引 `Skill`
--
ALTER TABLE `Skill`
  ADD PRIMARY KEY (`SID`);

--
-- 在匯出的資料表使用 AUTO_INCREMENT
--

--
-- 使用資料表 AUTO_INCREMENT `Learn`
--
ALTER TABLE `Learn`
  MODIFY `LID` int(11) NOT NULL AUTO_INCREMENT,AUTO_INCREMENT=1055;
--
-- 使用資料表 AUTO_INCREMENT `Locations`
--
ALTER TABLE `Locations`
  MODIFY `LoID` int(11) NOT NULL AUTO_INCREMENT,AUTO_INCREMENT=236;
--
-- 已匯出資料表的限制(Constraint)
--

--
-- 資料表的 Constraints `Learn`
--
ALTER TABLE `Learn`
  ADD CONSTRAINT `Learn_ibfk_1` FOREIGN KEY (`PID`) REFERENCES `Pokemon` (`PID`) ON DELETE CASCADE,
  ADD CONSTRAINT `Learn_ibfk_2` FOREIGN KEY (`SID`) REFERENCES `Skill` (`SID`) ON DELETE CASCADE;

--
-- 資料表的 Constraints `Locations`
--
ALTER TABLE `Locations`
  ADD CONSTRAINT `Locations_ibfk_1` FOREIGN KEY (`PID`) REFERENCES `Pokemon` (`PID`) ON DELETE CASCADE,
  ADD CONSTRAINT `Locations_ibfk_2` FOREIGN KEY (`RID`) REFERENCES `Region` (`RID`) ON DELETE CASCADE;

--
-- 資料表的 Constraints `Pokemon`
--
ALTER TABLE `Pokemon`
  ADD CONSTRAINT `Pokemon_ibfk_1` FOREIGN KEY (`AID`) REFERENCES `Ability` (`AID`) ON DELETE SET NULL,
  ADD CONSTRAINT `Pokemon_ibfk_2` FOREIGN KEY (`IID`) REFERENCES `Item` (`IID`) ON DELETE SET NULL;

/*!40101 SET CHARACTER_SET_CLIENT=@OLD_CHARACTER_SET_CLIENT */;
/*!40101 SET CHARACTER_SET_RESULTS=@OLD_CHARACTER_SET_RESULTS */;
/*!40101 SET COLLATION_CONNECTION=@OLD_COLLATION_CONNECTION */;
